FinInstrmId,TckrSymb
500002,ABB
500003,AEGISLOG
500008,AMARAJABAT
500009,AMBALALSA
500010,HDFC
500012,ANDHRAPET
500013,ANSALAPI
500014,UTIQUE
500016,ARUNAHTEL
500020,BOMDYEING
500023,ASIANHOTNR
500027,ATUL
500028,ATVPR
500031,BAJAJELEC
500032,BAJAJHIND
500033,FORCEMOT
500034,BAJFINANCE
500038,BALRAMCHIN
500039,BANCOINDIA
500040,CENTURYTEX
500041,BANARISUG
500042,BASF
500043,BATAINDIA
500048,BEML
500049,BEL
500052,BEPL
500058,BIHSPONG
500059,BINANIIND
500060,BIRLACABLE
500067,BLUESTARCO
500068,DISAQ
500069,QUESTCAP
500074,BPL
500078,OAL
500083,CENTEXT
500084,CESC
500085,CHAMBLFERT
500086,EXIDEIND
500087,CIPLA
500089,DICIND
500092,CRISIL
500093,CGPOWER
500096,DABUR
500097,DALMIASUG
500101,ARVIND
500102,BALLARPUR
500103,BHEL
500104,HINDPETRO
500106,IFCI
500108,MTNL
500109,MRPL
500110,CHENNPETRO
500111,RELCAPITAL
500112,SBIN
500113,SAIL
500114,TITAN
500116,IDBI
500117,DCW
500119,DHAMPURSUG
500120,DIAMINESQ
500123,ELANTAS
500124,DRREDDY
500125,EIDPARRY
500126,PGHL
500128,ELECTCAST
500133,ESABINDIA
500135,EPL
500136,ESTER
500142,FGP
500143,PHCAP
500144,FINCABLES
500147,COCKERILL
500148,UFLEX
500150,FOSECOIND
500153,GANESHBE
500159,METROGLOBL
500160,GTL
500163,GODFRYPHLP
500164,GODREJIND
500165,KANSAINER
500166,GOODRICKE
500168,GOODYEAR
500170,GTNINDS
500171,GHCL
500173,GFLLIMITED
500174,GLFL
500179,HCL-INSYS
500180,HDFCBANK
500182,HEROMOTOCO
500183,HFCL
500184,HSCL
500185,HCC
500186,HINDOILEXP
500187,AGI
500188,HINDZINC
500189,NDLVENTURE
500191,HMT
500192,PRAGBOS
500193,HLVLTD
500199,IGPL
500201,INDIAGLYCO
500206,MARGOFIN
500207,INDORAMA
500209,INFY
500210,INGERRAND
500213,ITHL
500214,IONEXCHANG
500215,ATFL
500219,JISLJALEQS
500220,JASCH
500223,JCTLTD
500227,JINDALPOLY
500228,JSWSTEEL
500231,UMANGDAIR
500233,KAJARIACER
500234,KAKATCEM
500235,KSL
500236,KANELIND
500238,WHIRLPOOL
500239,KGDENIM
500240,KINETICENG
500241,KIRLOSBROS
500243,KIRLOSIND
500245,KIRLFER
500246,ENVAIREL
500247,KOTAKBANK
500248,KRIFILIND
500249,KSB
500250,LGBBROSLTD
500251,TRENT
500252,LAXMIMACH
500253,LICHSGFIN
500257,LUPIN
500259,LYKALABS
500260,RAMCOCEM
500262,HYBRIDFIN
500264,MAFATIND
500265,MAHSEAMLES
500266,MAHSCOOTER
500267,MAJESAUT
500268,MANALIPETC
500270,BARODARY
500271,MFSL
500277,MIDINDIA
500279,MIRCELECTR
500280,CENTENKA
500284,LORDSCHLO
500285,SPICEJET
500288,MOREPENLAB
500290,MRF
500292,HEIDELBERG
500294,NCC
500295,VEDL
500296,NAHARSPING
500298,NATPEROX
500300,GRASIM
500302,PEL
500304,NIITLTD
500306,JAYKAY
500307,NIRLON
500312,ONGC
500313,OILCOUNTUB
500314,ORIENTHOT
500317,OSWALAGRO
500319,INDSUCR
500325,RELIANCE
500327,PILITA
500330,RAYMOND
500331,PIDILITIND
500333,PIXTRANS
500335,BIRLACORPN
500336,SURYAROSNI
500337,PRIMESECU
500338,PRSMJOHNSN
500339,RAIN
500343,AMJLAND
500346,PUNJCOMMU
500350,RSWM
500354,RAJSREESUG
500355,RALLIS
500356,RAMANEWS
500358,RAMAPETRO
500360,RAPICUT
500365,WELSPLSOL
500367,RUBFILA
500368,PATANJALI
500370,SALORAINTL
500378,JINDALSAW
500380,JKLAKSHMI
500387,SHREECEM
500388,SKPMIL
500390,RELINFRA
500400,TATAPOWER
500402,SPMLINFRA
500403,SUNDRMFAST
500404,SUNFLAG
500405,SPLPETRO
500407,SWARAJENG
500408,TATAELXSI
500410,ACC
500411,THERMAX
500412,TIRUMALCHM
500413,THOMASCOOK
500414,TIMEX
500418,TOKYOPLAST
500420,TORNTPHARM
500422,TRANSCHEM
500425,AMBUJACEM
500426,UTLINDS
500429,UNIPHOS
500439,VHL
500440,HINDALCO
500444,WSTCSTPAPR
500449,HOCL
500450,MPILCORPL
500456,PASUPTAC
500458,KORE
500459,PGHH
500460,MUKANDLTD
500463,BBOX
500464,UCALFUEL
500467,HARRMALAYA
500469,FEDERALBNK
500470,TATASTEEL
500472,SKFINDIA
500477,ASHOKLEY
500480,CUMMINSIND
500483,TATACOMM
500488,ABBOTINDIA
500490,BAJAJHLDNG
500493,BHARATFORG
500495,ESCORTS
500500,HINDMOTORS
500510,LT
500520,M&M
500530,BOSCHLTD
500547,BPCL
500550,SIEMENS
500570,TATAMOTORS
500575,VOLTAS
500620,GESHIP
500645,DEEPAKFERT
500650,EXCELINDUS
500655,GRWRHITECH
500660,GLAXO
500670,GNFC
500672,NOVARTIND
500674,SANOFI
500680,PFIZER
500690,GSFC
500696,HINDUNILVR
500710,AKZOINDIA
500730,NOCIL
500770,TATACHEM
500777,TNPETRO
500780,ZUARIIND
500790,NESTLEIND
500800,TATACONSUM
500820,ASIANPAINT
500825,BRITANNIA
500830,COLPAL
500840,EIHOTEL
500850,INDHOTEL
500870,CASTROLIND
500875,ITC
500877,APOLLOTYRE
500878,CEATLTD
500890,MODIRUBBER
500940,FINOLEXIND
501148,DSINVEST
501150,CENTRUM
501295,IITL
501298,INDPRUD
501301,TATAINVEST
501314,PRISMX
501343,MOTOGENFIN
501370,WALCHPF
501391,WHBRADY
501421,TECHNVISN
501423,SHAILY
501425,BBTC
501430,BOMBCYC
501455,GREAVESCOT
501477,MULLER
501622,AMALGAM
501700,INDIANVSH
501831,COASTCORP
501833,CHOWGULSTM
501848,GLOBOFFS
502015,ASIIL
502090,SAGCEM
502133,HEMACEM
502137,DECCANCE
502157,MANGLMCEM
502168,NCLIND
502175,SAURASHCEM
502180,SHREDIGCEM
502219,BORORENEW
502281,TRIVENIGQ
502294,NILACHAL
502330,ANDHRAPAP
502355,BALKRISIND
502420,ORIENTPPR
502445,CITADEL
502448,ROLLT
502450,SESHAPAPER
502563,SHBHAWPA
502587,NATHIND
502589,VAPIPPR
502820,DCM
502865,FORBESCO
502873,HPCOTTON
502893,UNITEDINT
502933,KATRSPG
502937,KESORAMIND
502958,LAKSHMIMIL
502986,VTL
503031,PENINLAND
503092,PASUSPG
503100,PHOENIXLTD
503101,MARATHON
503127,RAJABAH
503162,RELCHEMQ
503169,RUBYMILLS
503229,SIMPLXREA
503310,SWANENERGY
503349,VICTMILL
503624,ZSVARAJT
503641,ZODIACVEN
503657,VEERENRGY
503663,TILAK
503669,KKFIN
503675,WAGEND
503685,MEDIAONE
503722,BANSWRAS
503772,MODWOOL
503776,MODIPON
503804,SHRIDINE
503806,SRF
503811,SIYSIL
503816,SWADPOL
503837,SHRAJSYNQ
503960,BBL
504000,ELPROINTL
504028,GEE
504036,HIRECT
504058,NIPPOBATRY
504067,ZENSARTECH
504076,JYOTI
504080,JSLINDL
504084,KAYCEEI
504092,INDOKEM
504093,PANAENERG
504112,NELCO
504132,PERMAGN
504176,HIGHENE
504180,STDBAT
504212,UNIVCABLES
504220,WSIND
504240,DLTNCBL
504258,LAKSELEC
504273,MODULEX
504286,DELTAMAGNT
504340,CONFINT
504341,RELTD
504351,EMPOWER
504378,NYSSACORP
504380,FLOMIC
504392,KRISHNA
504397,GANHOLD
504605,UNIABEXAL
504614,SARDAEN
504646,BGWTATO
504648,BOMBWIR
504697,GALADA
504741,INDIANHUME
504786,INVPRECQ
504810,INFORTEC
504840,KAIRA
504879,ORIENTABRA
504882,NATIONSTD
504908,DUNCANENG
504918,SANDUMA
504959,STOVACQ
504961,TATAYODOGA
504966,TINPLATE
504973,CHOLAHLDNG
504988,ZWELCAST
505010,AUTOAXLES
505036,ACGL
505075,SETCO
505141,SCOOTER
505160,TALBROAUTO
505163,ZFSTEERING
505192,SMLISUZU
505196,TIL
505200,EICHERMOT
505212,JAINEX
505216,ALFREDHE
505232,VELJAN
505242,DYNAMATECH
505250,GGDANDE
505255,GMM
505283,KIRLPNU
505299,KPT
505302,LXMIATO
505324,MANUGRAPH
505355,NESCO
505358,INTEGRAEN
505368,REVATHI
505400,TEXINFRA
505412,WENDT
505509,RESPONIND
505515,SHYMINV
505523,MAHACORP
505526,DOLATALGO
505533,WESTLIFE
505537,ZEEL
505590,SVPGLOB
505650,SKYLMILAR
505681,BIMETAL
505688,BHARATGEAR
505690,BRADYM
505693,LATIMMETAL
505700,ELECON
505710,GRAUWEIL
505712,HIMTEK
505714,GABRIEL
505720,HERCULES
505725,AQFINTECH
505726,IFBIND
505729,SINGER
505737,INTLCOMBQ
505744,FMGOETZE
505750,JOSTS
505790,SCHAEFFLER
505797,MPCOSEMB
505800,RANEHOLDIN
505807,ROLCOEN
505827,SNL
505840,JAIPAN
505850,MANCREDIT
505854,TRF
505872,WPIL
505890,KENNAMET
505893,HINDHARD
505978,TRITONV
506003,SUDAI
506022,PRAKASH
506074,ARSHIYA
506076,GRINDWELL
506079,LAKPRE
506105,STANROS
506109,GENESYS
506122,PANKAJPIYUS
506128,PARNAXLAB
506146,VIVIDHA
506184,KANANIIND
506186,GCKL
506194,ASL
506197,BLISSGVS
506222,STYRENIX
506235,ALEMBICLTD
506248,AMNPLST
506260,ANUHPHR
506261,MODISONLTD
506285,BAYERCROP
506365,CHEMOPH
506390,HEUBACHIND
506395,COROMANDEL
506401,DEEPAKNI
506405,DMCC
506414,FERMENTA
506480,GOCLCORP
506520,JAYCH
506522,JLMORI
506525,KANORICHEM
506528,KELENRG
506532,NITTAGELA
506543,MPAGI
506579,ORIENTCQ
506590,PCBL
506597,AMAL
506605,POLYCHEM
506618,PUNJABCHEM
506640,GUJCMDS
506642,SADHNANIQ
506655,SUDARSCHEM
506680,TRELCHE-B
506685,ULTRAMAR
506687,TRANSPEK
506690,UNICHEMLAB
506734,MYSORPETRO
506767,ALKYLAMINE
506808,TUTIALKA
506820,ASTRAZEN
506852,PRIMO
506854,TANFACIND
506858,GUJPETR
506863,SWADEIN
506879,GUJTHEM
506906,SCBL
506910,JAYSYN
506919,MAKERSL
506935,CONTCHM
506943,JBCHEPHARM
506975,RAJSPTR
506979,APTPACK
506981,BLUECHIPT
507155,JAGAJITIND
507180,KESARENT
507205,TI
507300,RAVALSUGAR
507315,SAKHTISUG
507410,WALCHANNAG
507438,IFBAGRO
507442,DHARSUGAR
507474,KFBL
507486,CAPRO
507488,GMBREW
507490,RANASUG
507498,PICCASUG
507514,SDBL
507526,ASALCBR
507552,FOODSIN
507580,IVP
507598,KLRFM
507609,OLYOI
507621,MLKFOOD
507645,POLSON
507685,WIPRO
507690,ORIBEVER
507717,DHANUKA
507747,TTKHEALTH
507753,TGVSL
507759,LIMECHM
507779,KANPRPLA
507785,TAINWALCHM
507789,JAGSNPHARM
507794,KHAICHEM
507813,NOL
507815,GILLETTE
507817,WIREFABR
507828,ANSALHSG
507833,COMPUPN
507836,MCCHRLS-B
507852,ADDIND
507864,PIONRINV
507872,ASHNOOR
507878,UNITECH
507880,VIPIND
507910,FIBERWEB
507912,LKPFIN
507944,BAJAJST
507946,KIDUJA
507948,KEYCORP
507960,GUJHOTE
507966,RASRESOR
507970,PARMCOS-B
507981,JINDHOT
507998,SIMMOND
508136,BNALTD
508486,HAWKINCOOK
508494,WARRENTEA
508571,COCHMAL
508664,BESTEAST
508670,NEAGI
508807,ISTLTD
508814,COSMOFIRST
508869,APOLLOHOSP
508875,NITINCAST
508905,SMIFS
508906,EVERESTIND
508922,MSRINDIA
508933,AYMSYNTEX
508941,PANCARBON
508954,FINKURVE
508956,HBLEAS
508969,SULABEN
508980,FRONTCAP
508989,NAVNETEDUL
508996,SATRAPROP
509009,AUSOMENT
509020,RUCHINFRA
509040,NETLINK
509048,LANCORHOL
509051,INDINFO
509053,BANASFN
509055,VISAKAIND
509069,INFOMEDIA
509073,HATHWAYB
509077,PRESSMN
509079,GUFICBIO
509084,PHOTON
509152,GRPLTD
509162,INDAG
509196,MMRUBBR-B
509220,PTL
509243,TVSSRICHAK
509438,BENARAS
509449,BHAGWOX
509470,BOMOXY-B1
509472,CRAVATEX
509480,BERGEPAINT
509486,CAPRIHANS
509488,GRAPHITE
509496,ITDCEM
509525,EMPIND
509546,GRAVISSHO
509557,GARFIBRES
509563,GARWAMAR
509567,GOACARBON
509597,HARDCAS
509631,HEG
509635,HINDCOMPOS
509675,HIL
509692,INDIANCARD
509709,INTLCONV
509715,JAYSHREETEA
509760,MODRNSH
509820,HUHTAMAKI
509835,PREMSYN
509874,SHALPAINTS
509895,HINDMILL
509930,SUPREMEIND
509945,THACKER
509960,UPHOT
509966,VSTIND
510245,SWASTIVI
511000,MADHUSE
511012,YAMNINV
511016,PREMCAP
511018,ZMILGFIN
511034,JINDRILL
511066,SAKTHIFIN
511076,SATINDLTD
511092,JMDVL
511108,SHIVTEX
511110,VBDESAI
511116,QUADRANT
511122,1STCUS
511131,KAMANWALA
511147,WSFX
511153,ANJANIFOODS
511187,MILLENNIUM
511194,ICDSLTD
511196,CANFINHOME
511208,IVC
511218,SHRIRAMFIN
511243,CHOLAFIN
511333,VLSFINANCE
511355,INDCEMCAP
511377,MEHIF
511391,INTRGLB
511401,MCLTD
511411,SHRISTI
511413,CREST
511431,VAKRANGEE
511441,GUJCRED
511447,SYLPH
511463,ALEXANDER
511473,INDBANK
511493,VCKCAP
511501,BHARAT
511505,CAPITALT
511509,VIVOBIOT
511523,VEERHEALTH
511525,PANINDIAC
511533,SAHARAHOUS
511535,NDASEC
511543,GSBFIN
511549,MORARKFI
511551,MONARCH
511557,PROFINC
511559,TIMESGTY
511571,SODFC
511585,REGTRUS
511589,AVONMORE
511601,YASHMGM
511605,ARIHCAPM
511609,ISLCONSUL
511611,DCMFINSERV
511626,RRFIN
511628,IMCAP
511630,SAMBHAAV
511654,SUGALDAM
511658,NETTLINX
511672,SCANSTL
511676,GICHSGFIN
511688,MATHEWE
511692,AJCON
511696,CHRTEDCA
511700,STANCAP
511710,CUBIFIN
511712,RELICTEC
511714,NIMBSPROJ
511716,ESCORTSFIN
511724,BAIDFIN
511726,VIPUL
511728,KZLFIN
511736,USHDI
511740,MEHTAHG
511742,UGROCAP
511754,SAHLIBHFI
511756,ABIRAFN
511758,MANSIFIN
511760,SEVENHILL
511764,AASTAFIN
511766,MUTHTFN
511768,MASTERTR
512008,EFCIL
512018,CNIRESLTD
512020,ZSARACOM
512036,KAPILCO
512047,ROYALIND
512048,LUHARUKA
512064,VISVEN
512068,DECNGOLD
512070,UPL
512093,CRANESSOFT
512097,SAICOM
512103,NIDHGRN
512131,SIGNETIND
512149,AVANCE
512161,SECURKLOUD
512165,ABANSENT
512175,VAMA
512179,SUNTECK
512197,SILVERO
512215,STEPHANOTIS
512217,PRISMMEDI
512229,VERITAS
512237,JAICORPLTD
512247,ASHCAP
512257,SVARTCORP
512267,MMWL
512296,BHAGYNAGAR
512297,SHANTAI
512301,CHMBBRW
512329,KRL
512379,CRESSAN
512381,STARTECK
512393,SHARDUL
512399,SERA
512425,NIRAVCOM
512437,APOLLOFI
512441,ENBETRD
512453,SHRJAGP
512455,LLOYDSME
512463,SHRGLTR
512477,BETXIND
512481,POLYTEX
512485,DHANCOT
512489,OASISEC
512493,GARNETINT
512499,SHALPRO
512519,DONEAR
512527,SUPER
512529,SEQUENT
512531,STCINDIA
512553,ZENITHEXPO
512559,KOHINOOR
512565,RTEXPO
512573,AVANTI
512587,ZODJRDMKJ
512589,SITAENT
512591,PULSRIN
512597,KEYFINSER
512599,ADANIENT
512604,HARIAEXPO
512608,BHANDHOS
512618,RLF
512624,REGENTRP
512626,ORBTEXP
512634,SAVERA
513005,VBCFERROQ
513010,TATASTLLP
513023,NAVA
513043,REMIEDEL
513059,GSAUTO
513063,TRANSFRE
513097,SHBCLQ
513108,GANDHITUBE
513117,AMFORG
513119,ABCGAS
513121,ORICON
513149,ACROW
513173,STLSTRINF
513228,PENIND
513250,JYOTISTRUC
513252,JAYUSH
513262,SSWL
513269,MANINDS
513303,MDRNSTL
513307,SYNTHFO
513309,GOLKONDA
513349,AJMERA
513353,COCHINM
513361,ISWL
513369,KVFORGE
513375,CARBORUNIV
513377,MMTC
513397,VALLABHSQ
513401,ASHIS
513403,PMTELELIN
513418,SMFIL
513422,BLOIN
513434,TATAMETALI
513436,SHAHALLOYS
513446,JSWISPL
513452,ELANGO
513456,KANSHST
513472,SIMPLEXCAS
513488,SSWRL
513498,SOUTHMG
513502,BAROEXT
513507,GUJCONT
513509,KALYANIFRG
513511,PANCHMAHQ
513513,ADITYA
513515,SRIND
513517,STEELCAS
513519,PITTIENG
513528,GLITTEKG
513532,PRADPME
513536,GNRL
513548,SHRDAIS
513554,MAHASTEEL
513566,NOVIS
513575,STERPOW
513599,HINDCOPPER
513629,TULSYAN
513642,AXELPOLY
513683,NLCINDIA
513687,SPECTRA
513693,KAJARIR
513699,SOLIDSTON
513709,SHILGRAVQ
513713,WHITEORG
513729,AROGRANITE
514010,HIMFIBP
514028,RAJKSYN
514030,DEEPAKSP
514036,LOYALTEX
514043,HIMATSEIDE
514045,BSL
514060,EVERTEX
514087,PBMPOLY
514113,ADINATH
514138,SURYALA
514140,SURYVANSP
514142,TTL
514162,WELSPUNIND
514165,INDIANACRY
514167,GANECOS
514171,CEETAIN
514175,VARDMNPOLY
514183,BLACKROSE
514197,STCORP
514215,BINNY
514223,RAMGOPOLY
514234,SANGAMIND
514238,MKVENTURES
514240,KUSHIND
514248,SRECR
514266,ZENIFIB
514272,BHILSPIN
514274,AARVEEDEN
514280,SANTETX
514286,ASHIMASYN
514300,PIONEEREMB
514302,VIPPYSP
514316,RAGHUSYN
514322,KAMADGIRI
514326,PATSPINLTD
514330,ONEGLOBAL
514332,NEOINFRA
514354,PREMIERPOL
514358,EVERFIN
514360,KRRAIL
514378,YARNSYN
514386,GUJCOTEX
514400,GARWSYN
514418,MANORG
514428,HINDADH
514442,SRIKPRIND
514448,JYOTIRES
514450,MHLXMIRU
514454,SOUTLAT
514470,WINSOMTX
515008,MODINSU
515018,REGENCERAM
515030,ASAHIINDIA
515037,MURUDCERA
515043,SAINTGOBAIN
515055,ANANTRAJ
515059,MADHUDIN
515085,RESTILE
515093,MADHAV
515127,RAMASIGNS
515147,HALDYNGL
516003,DUROPLY
516016,SHREYANIND
516020,AGIOPAPER
516022,STARPAPER
516030,YASHPAKKA
516062,NATPLY
516064,ARROWGREEN
516072,VISHNU
516078,JUMBO
516082,NRAGRINDQ
516092,3PLAND
516096,SANPA
516106,SHKARTP
516108,STHINPA
516110,FAMILYCARE
517015,VINDHYATEL
517035,RIR
517041,ADORWELD
517044,IDM
517059,SALZER
517063,JETKINGQ
517119,PCS
517146,USHAMART
517166,SPELS
517168,SUBROS
517170,EDVENSWA
517174,HONAUT
517201,SWITCHTE
517206,LUMAXIND
517214,DIGISPICE
517236,CALCOM
517238,DYNAVSN
517246,BCCFUBA
517258,PRECISIO
517264,FINELINE
517271,HBLPOWER
517288,GUJARATPOLY
517300,GIPCL
517334,MOTHERSON
517344,MINDTECK
517354,HAVELLS
517356,ACIIN
517360,SBECSYS
517370,INCAP
517372,GUJINTRX
517380,IGARASHI
517385,SYMPHONY
517393,VINTRON
517397,PANELEC
517415,LEENEE
517417,PATELSAI
517421,BUTTERFLY
517429,ATHENAGLO
517437,DUTRON
517447,RSSOFTWARE
517449,MAGNAELQ
517467,MARSONS
517477,ELNET
517494,ACCEL
517498,WEBELSOLAR
517500,ROTO
517506,TTKPRESTIG
517514,DHINDIA
517522,RAJGLOWIR
517530,SURANAT&P
517536,ONWARDTEC
517544,CENTUM
517546,ALFATRAN
517554,NHCFOODS
517556,PVP
517562,TRIGYN
517569,KEI
518011,KEERTHI
518017,BHEEMACEM
518075,SURAJ
518091,APCL
519003,MODINATUR
519064,ZKHANDEN
519091,TASTYBIT
519097,RITESHIN
519105,AVTNPL
519126,HNDFDS
519136,NAHARINDUS
519152,VADILENT
519156,VADILALIND
519183,ADFFOODS
519191,RGRL
519214,WILLIMFI
519216,AJANTSOY
519224,WILLAMAGOR
519230,RICHIRICH
519234,SIEL
519238,SPTRSHI
519242,SRDAPRT
519262,PRIMAGR
519279,MADHURIND
519285,TARAI
519287,MODAIRY
519295,BAMBINO
519299,PRIMIND
519307,VIKASWSP
519331,VSFPROJ
519359,POONADAL
519383,ANIKINDS
519397,SHINDL
519415,KMGMILK
519421,KSE
519455,NARBADA
519457,VIRATCRA
519463,IBINFO
519471,AMBARPIL
519475,CHORDIA
519477,CIANAGRO
519483,TAIIND
519494,NKIND
519500,BKV
519528,NORBTEAEXP
519532,ASIANTNE
519552,HERITGFOOD
519566,SIMRAN
519600,CCL
519602,KELLTONTEC
519604,SURFI
519606,INTEGFD
519612,MAHAANF
520008,RICOAUTO
520021,OMAXAUTO
520043,MUNJALSHOW
520051,JAMNAAUTO
520056,SUNCLAYLTD
520057,JTEKTINDIA
520059,MUNJALAU
520066,JAYBARMARU
520073,RACLGEAR
520075,SAMKRG
520111,RATNAMANI
520113,VESUVIUS
520119,ASAL
520121,ARCEEIN
520123,ABCINDQ
520127,BALTE
520131,COARO
520141,SIBARAUT
520151,SHREYAS
520155,STARLOG
521005,TITANIN
521014,EUROTEXIND
521016,ICIL
521018,MARALOVER
521034,SOMATEX
521048,ADVLIFE
521054,KAKTEX
521062,OCTAVE
521064,TRIDENT
521070,ALOKTEXT
521080,PASARI
521097,AMARJOTHI
521105,OLYMPTX
521109,NAGREEKEXP
521113,SUDTIND-B
521131,SBFL
521137,EUREKAI
521141,ADITYASP
521149,PRIMEURB
521151,DHANFAB
521161,SLSTLQ
521163,ZODIACLOTH
521178,SRMCL
521180,SUPERSPIN
521188,UNITEDTE
521194,SILINV
521200,SURYALAXMI
521206,SAMTEX
521210,CITYMAN
521216,DHANROTO
521220,DAMOINDUS
521222,SANBLUE
521226,UNIROYAL
521228,TATIAGLOB
521232,SUNILTX
521234,SRINACHA
521240,SAMBANDAM
521246,PARASPETRO
521248,KITEX
522001,CRANEX
522004,BATLIBOI
522005,AUSTENG
522014,UNIDT
522017,FLUIDOM
522027,EMAINDIA
522029,WINDMACHIN
522034,SHANTIGEAR
522064,HONDAPOWER
522073,HITECHGEAR
522074,ELGIEQUIP
522091,UVDRHOR
522101,KLBRENG-B
522105,BIRLAPREC
522108,YUKEN
522113,TIMKEN
522122,VOITHPAPR
522134,ARTSONEN
522152,SOLIMAC
522165,INDSILHYD
522183,ITL
522195,FRONTSP
522205,PRAJIND
522207,RASANDIK
522215,HLEGLAS
522217,GUJAPOLLO
522229,TANAA
522231,CONART
522237,SHIVAGR
522241,MMFL
522245,IYKOTHITE
522249,MAYURUNIQ
522251,CENLUB
522257,RAJOOENG
522267,VJLAXMIE
522273,AHMDSTE
522275,GET&D
522281,RAMRAT
522285,JAYNECOIND
522287,KALPATPOWR
522292,CANDOUR
522294,TIGLOB
522295,CONTROLPR
522650,BEMHY
523007,ANSALBU
523011,WEIZMANIND
523019,BNRSEC
523021,RISHITECH
523023,SINCLAIR
523025,SAFARIND
523054,ZBINTXPP
523062,JJFINCOR
523100,COSMOFE
523116,SANCTRN
523120,ADORMUL
523127,EIHAHOTELS
523144,MEDICAPQ
523151,OTCO
523160,MORGANITE
523186,BAPACK
523204,ABAN
523207,KOKUYOCMLN
523229,BHARATSE
523232,CONTPTR
523242,NBFOOT
523248,MACPLASQ
523260,PEARLPOLY
523261,VENKYS
523269,ADVANIHOTR
523277,GVFILM
523283,SUPERHOUSE
523289,RAMAVISION
523301,TCPLPACK
523309,SHRIGANG
523319,BALMLAWRIE
523323,KOVAI
523329,ELDEHSG
523351,STDSHOE
523367,DCMSHRIRAM
523369,DCMSRMIND
523371,MAWANASUG
523373,MINID
523384,MAHAPEXLTD
523385,NILKAMAL
523391,NAHARPOLY
523395,3MINDIA
523398,JCHAC
523405,JMFINANCIL
523411,ADCINDIA
523419,TNTELE
523425,SUNRAJDI
523445,RIIL
523449,SHARP
523457,LINDEINDIA
523465,INDBNK
523467,JAIMATAG
523475,LOTUSCHO
523483,PACIFICI
523489,CMMHOSP
523519,UNIOFFICE
523537,APMIN
523539,PRECWIRE
523550,KRYPTONQ
523558,SWISSMLTRY
523566,MARBU
523586,INDTONER
523594,KUNSTOFF
523598,SCI
523606,SIKA
523610,ITI
523618,DREDGECORP
523620,PHRMASI
523628,PODDAR
523630,NFL
523638,IPRINGLTD
523642,PIIND
523648,PLASTIBLEN
523650,YASHINNO
523652,KKPLASTICK
523660,WATERBASE
523672,FLEXFO
523676,GOLKUNDIA
523694,APCOTEXIND
523696,FORTISMLR
523704,MASTEK
523708,EIMCOELECO
523710,SAYAJIHOTL
523716,ASHIANA
523732,ECOBOAR
523736,DVL
523752,TIHIL
523754,MAHEPC
523782,MITSHI
523790,SHUKJEW
523792,MAZDALTD
523796,VICEROY
523826,SOVERDIA
523828,MENONBE
523832,MUKATPIP
523836,GUJRAFIA
523838,SIMPLEXINF
523840,INNOVTEC
523842,SUPTANERY
523844,CONSTRONIC
523850,AXTEL
523874,PRECISION
523896,APIL
524000,POONAWALLA
524013,HINFLUR
524019,KINGFA
524031,PATIDAR
524037,RAMAPHO
524038,VENLONENT
524051,POLYPLEX
524075,ALBERTDA
524080,HARLETH
524091,CARYSIL
524109,KABRAEXTRU
524129,VINYLINDIA
524136,PCCOSMA
524156,TCMLMTD
524164,IOLCP
524174,KESARPE
524200,VINATIORGA
524202,LACTOSE
524208,AARTIIND
524210,PNTKYOR
524212,WANBURY
524218,RESONANCE
524226,GAEL
524230,RCF
524238,GUJINJEC
524280,KOPRAN
524288,AIMCOPEST
524314,GUJTERC
524324,SEYAIND
524330,JAYAGROGN
524332,BCLIL
524336,SHHARICH
524342,INDOBORAX
524348,AARTIDRUGS
524370,BODALCHEM
524372,ORCHIDPHAR
524394,VIMTALABS
524396,BIOFILCHEM
524400,ISHITADR
524404,MARKSANS
524408,UNIVSTAR
524412,AREYDRG
524414,NORRIS
524434,ASINPET
524440,CAMEXLTD
524444,EVEXIA
524458,INDOEURO
524470,SYNCOMF
524480,RIDDHI
524488,SVCIND
524494,IPCALAB
524500,KILITCH
524502,ýýRAAJMEDI
524506,CORALAB
524516,BACPHAR
524518,KREBSBIO
524520,KMCSHIL
524522,LAFFANSQ
524534,BHASKAGR
524542,SUKHJITS
524558,NEULANDLAB
524564,GAYATRIBI
524570,PODARPIGQ
524576,VIVIDIND
524580,PRIYALT
524582,TIRUSTA
524592,JDORGOCHEM
524594,ASHOKALC
524598,AKSCHEM
524606,BERLDRG
524614,INDXTRA
524622,ISTRNETWK
524624,GAGAN
524628,PARKERAC
524632,SHUKRAPHAR
524634,ALUFLUOR
524640,ARCHITORG
524642,SIKOZY
524648,INDOAMIN
524652,INDSWFTLTD
524654,NATCAPSUQ
524661,WELCURE
524663,BIBCL
524667,SOTL
524669,HESTERBIO
524675,KABSON
524687,BASANTGL
524703,SANDUPHQ
524709,NACLIND
524711,VISTAPH
524715,SUNPHARMA
524717,TITANBIO
524731,JENBURPH
524735,HIKAL
524742,CAPPL
524743,FISCHER
524748,LINKPH
524752,DECIPHER
524768,EMMESSA
524774,NGLFINE
524790,EVERESTO
524804,AUROPHARMA
524808,PHYTO
524816,NATCOPHARM
524818,DYNAMIND
524820,PANAMAPET
524824,BALPHARMA
524828,BDH
526025,GLOBUSCON
526027,CUBEXTUB
526043,POLYCHMP
526073,GALXBRG
526081,SCAGRO
526095,RALEGRA
526113,UNRYLMA
526117,SHERVANI
526133,SUPERTEX
526137,SHETR
526139,TRABI
526143,MPL
526159,NIKHILAD
526161,SPENTA
526169,MULTIBASE
526173,ANDREWYU
526179,LUDLOWJUT
526187,ASHRAM
526193,ROYALCU
526211,SURJIND
526217,HITECHCORP
526225,BLOOM
526227,FILATEX
526231,STDSFAC
526237,MORGAN
526241,AMRAPLIN
526247,PREMEXPLQ
526263,MOLDTEK
526269,CRSTCHM
526299,MPHASIS
526301,MEDINOV
526315,DIVSHKT
526325,ORIENTLTD
526335,SHREYASI
526345,PANJON
526355,DUROPACK
526365,SWARNSAR
526367,GANESHHOUC
526371,NMDC
526373,CINDHO
526381,PATINTLOG
526397,ALPHAGEO
526407,RPIL
526409,KKALPANAIND
526415,OKPLA
526423,KRITIIND
526431,WELTI
526433,ASMTEC
526435,PERFEPA
526441,VISIONCINE
526445,INDRANIB
526468,EUROLED
526471,WINSOMBR
526473,ELEFLOR
526479,SKYIND
526481,PHOENXINTL
526492,RISHIROOP
526500,STRGRENWO
526506,SYSTMTXC
526519,ALPINEHOU
526521,SANGHIIND
526525,WWALUM
526532,SFPIL
526544,SCANPGEOM
526546,CHOKSILA
526550,CCHHL
526568,LONTE
526574,ENTRINT
526576,TECHIN
526582,TPLPLAST
526586,WIMPLAST
526588,PHOTOQUP
526596,LIBERTSHOE
526604,LIPPISYS
526608,ELECTHERM
526612,BLUEDART
526614,EXPOGAS
526616,NATPLAS
526622,MFLINDIA
526638,TEXELIN
526640,RAYALEMA
526642,MIRZAINT
526650,TFCILTD
526654,THAKDEV
526662,ARENTERP
526666,BIL
526668,KAMATHOTEL
526675,TIRTPLS
526677,KEEPLEARN
526687,POLOHOT
526703,ECOPLAST
526705,ELEMARB
526711,ADARSHPL
526721,NICCOPAR
526723,NTCIND
526725,SANDESH
526727,GARNET
526729,GOLDIAM
526731,BRIGHTBR
526739,SHAWGELTIN
526747,PGFOILQ
526755,VELHO
526761,HOWARHO
526773,PRESSURS
526775,VALIANT
526783,DRAGARWQ
526797,GREENPLY
526799,UNQTYMI
526807,SEAMECLTD
526813,RAGHUNAT
526817,CHEVIOT
526821,DAICHI
526823,RAJINFRA
526827,SPICEISL
526829,CONFIPET
526847,ASHSI
526851,AREXMIS
526853,BI
526859,ISFL
526861,RISHILASE
526865,JAINCO
526869,KUMPFIN
526871,INTECCAP
526873,RAJGASES
526881,63MOONS
526885,SARLAPOLY
526891,MKTCREAT
526899,HFIL
526901,SONALAD
526905,PADMAIND
526921,21STCENMGM
526931,HRYNSHP
526945,TYROON
526947,LAOPALA
526951,STYLAMIND
526953,VENUSREM
526961,LASTMILE
526965,GUJCRAFT
526967,HEERAISP
526971,DHOOTIN
526981,SHBAJRG
526987,URJAGLOBA
527001,ASHAPURMIN
527005,SHREEPAC
530001,GUJALKALI
530005,INDIACEM
530007,JKTYRE
530011,MANGCHEFER
530017,SIL
530019,JUBLPHARMA
530023,THEINVEST
530025,SAMYAKINT
530027,AADIIND
530043,ACKNIT
530045,TITANSEC
530053,REALECO
530063,YASHRAJC
530067,CSLFINANCE
530073,SANGHVIMOV
530075,SELAN
530077,FRSHTRP
530079,FAZE3Q
530109,ANUPAM
530111,RAJPACK
530117,PRIVISCL
530119,NATRAJPR
530125,SAMRATPH
530127,NPRFIN
530129,NILE
530131,UDAICEMENT
530133,AMCOIND
530135,OPTIEMUS
530139,KREONFIN
530145,KISAN
530151,VIJAYTX
530163,KERALAYUR
530167,MONGIPA
530169,MOHITPPR
530171,DAULAT
530175,ODYSSEY
530185,SURATEX
530187,ATHARVENT
530199,THEMISMED
530201,KALLAM
530207,BRAWN
530213,FORINTL
530215,KINGSINFR
530233,AUROLAB
530235,KJMCFIN
530239,SUVEN
530245,ARYAMAN
530249,BRIDGESE
530251,RISAINTL
530255,KAYPOWR
530259,INTSTOIL
530263,GLOBALCA
530265,SAINIK
530267,SABOOBR
530271,RICHUNV
530281,QUANTDIA
530289,SPCAPIT
530299,KOTHARIPRO
530305,PICCADIL
530307,CHAMANSEQ
530309,CHANDRAP
530313,KIMIABL
530315,HINDTIN
530317,GODAVARI
530331,PREMCO
530341,MUKESHB
530343,GENUSPOWER
530355,ASIANENE
530357,KBSINDIA
530361,PRABHHANS
530363,UGARSUGAR
530365,ORIENTBELL
530367,NRBBEARING
530369,VAMSHIRU
530377,NILA
530393,DBSTOCKBRO
530401,VINYOFL
530405,JINDCAP
530407,EPIC
530419,SUMEDHA
530421,KUWERIN
530427,CHOKSI
530429,ASHISHPO
530431,ADORFO
530433,SHIVAAGRO
530439,SIDDHA
530443,KIRANSY-B
530445,SUMERUIND
530449,RUNGTAIR
530459,VALSONQ
530461,SABOOSOD
530475,TINNARUBR
530477,VIKRAMTH
530495,STRATMONT
530499,AKCAPIT
530517,RELAXO
530521,VIRAT
530525,SHEETAL
530533,TERAI
530545,COSCO
530549,SHILPAMED
530555,PARACABLES
530557,NCLRESE
530565,SSLFINANCE
530577,LADDERUP
530579,UYFINCORP
530585,SWASTIKA
530589,PRIMAPLA
530595,TELECANOR
530609,CARNATIN
530611,STURDY
530615,GARGFUR
530617,SAMPRE
530621,AAIL
530627,VIPULORG
530643,ECORECO
530655,GOODLUCK
530663,GOYALASS
530665,ZENITHHE
530675,YORKEXP
530677,SUPREME
530689,LYKISLTD
530695,PRIMEPRO
530697,ZENLABS
530699,RAJRAYON
530709,GOWRALE
530711,JAGANLAM
530713,AJEL
530715,ALPSINDUS
530723,ASITCFIN
530733,ENCODE
530735,SUPERBAK
530741,OVOBELE
530747,INDOASIAF
530755,CORNE
530759,STERTOOLS
530779,DYNAMICP
530789,CEEJAY
530795,SUNCITYSY
530803,BHAGIL
530809,BNRUDY
530813,KRBL
530821,SSPDL
530825,DAIKAFFI
530829,CILSEC
530839,CLIOINFO
530843,CUPID
530845,SUNSHIEL
530853,HIPOLIN
530871,CHEMBOND
530879,CIFL
530881,ABVL
530883,SUCROSA
530897,NGIND
530899,ASIAPAK
530907,SICAPIT
530909,ERPSOFT
530919,REMSONSIND
530925,RAMSONS
530931,STANPACK
530943,SABTN
530951,RAMINFO
530953,SUNILAGR
530959,DIANATEA
530961,VIKASECO
530965,IOC
530973,ALFAICA
530977,SKCIL
530979,INDIAHOME
530991,ROOPAIND
530997,UNIQUEO
530999,BALAMINES
531003,SWRNASE
531017,ARISE
531025,VISAGAR
531041,COMPEAU
531043,ZDHJERK
531049,NEELKAN
531067,CONTILI
531069,VIJSOLX
531080,SHRIKRISH
531082,ALANKIT
531083,NIHARINF
531091,UNITDCR
531092,OMINFRAL
531109,ISHANCH
531111,GOTHIPL
531112,BALUFORGE
531119,CEENIK
531120,PATELENG
531127,MENAMANI
531129,INANI
531137,GEMSI
531144,ELFORGE
531146,MEDICAMEQ
531147,ALICON
531153,DILIGENT
531156,ALFAVIO
531158,CATVISION
531161,ABMKNO
531162,EMAMILTD
531163,KEMISTAR
531168,ASSOCER
531169,SKPSEC
531173,SYSCHEM
531175,BLSINFOTE
531176,MEFCOMCAP
531178,HEMANG
531179,ARMANFIN
531190,TAVERNIER
531199,GLANCE
531201,SHILCTECH
531209,NUCLEUS
531210,COLINZ
531212,NLFL
531213,MANAPPURAM
531215,RTSPOWR
531216,COMFINTE
531221,MAYURFL
531223,ANJANI
531225,XTGLOBAL
531227,DECOMIC
531228,RANDER
531233,RASIELEC
531234,SCOOBEEDAY
531240,SHAMROIN
531241,LINC
531246,PRIMAIN
531253,INDGELA
531254,OPTIFIN
531255,PARAGONF
531257,PRATIKSH
531259,ESHAMEDIA
531260,REFEXRENEW
531266,VSTTILLERS
531268,B2BSOFT
531272,NIKKIGL
531273,RADHEDE
531278,ELIXIR
531279,TRISHAKT
531280,PANKAJPO
531281,MARBLE
531283,CINDRELL
531287,NATPLASTI
531288,LEADFIN
531289,NATFIT
531297,ARTEFACT
531300,AMITINT
531301,HIGHSTREE
531304,NUTECGLOB
531306,DHPIND
531307,RRIL
531310,AVAILFC
531322,HAVISHA
531323,JAYIND
531328,KRETTOSYS
531335,ZYDUSWELL
531337,WINPRO
531338,MILESTONE
531340,BERVINL
531341,GUJINV
531344,CONCOR
531346,EASTRED
531349,PANACEABIO
531352,PEETISEC
531357,MERCURYEV
531358,CHOICEIN
531359,SRAMSET
531360,GOLECHA
531364,EKANSH
531370,SPAR
531373,THEBYKE
531380,CSURGSU
531381,ARIHANT
531390,UPSURGE
531395,PADAMCO
531398,SOURCENTRL
531399,GGAUTO
531400,ALMONDZ
531402,LWSKNIT
531409,ALCHCORP
531411,TUNITEX
531412,RADIXIND
531413,KIRANPR
531416,NARPROP
531417,MEGACOR
531426,TNPL
531431,SHAKTIPUMP
531437,PWASML
531439,GOLDTECH
531444,VARDHMAN
531449,GRMOVER
531453,MOHITIND
531454,POLYLINK
531456,MINAXI
531460,CONTICON
531465,NOUVEAU
531471,DUKEOFS
531472,CYBELEIND
531489,CGVAK
531494,NAVKAR
531495,BLUECOAST
531497,MADHUCON
531499,SYBLY
531500,RAJESHEXPO
531502,ESARIND
531503,MARIS
531505,INDERGR
531508,EVEREADY
531509,STEP2COR
531512,ORIENTTR
531518,VIKASPROP
531525,ACESOFT
531529,SOFTRAKV
531531,HATSUN
531533,ACCEDERE
531539,RISHDIGA
531540,MAINFRA
531541,KOBO
531543,JINDWORLD
531548,SOMANYCERA
531550,JHACC
531552,RAGHUTOB
531553,DRL
531556,CORALFINAC
531569,SANJIVIN
531574,VASINFRA
531578,KMFBLDR
531582,BERYLSE
531591,BAMPSL
531592,GENPHARMA
531594,INCON
531595,CGCL
531599,FDC
531608,GORANIN
531609,KGPETRO
531624,COUNCODOS
531626,OROSMITHS
531628,TEJASSVI
531633,LINCOPH
531635,SILVOAK
531637,PRAVEG
531638,SURAJLTD
531642,MARICO
531644,TOKYOFIN
531651,NATGENI
531661,HITTCO
531667,RRMETAL
531668,VISIONCO
531671,BISIL
531672,INANISEC
531673,ANKIN
531681,AMERISE
531688,PRITHVIEXCH
531694,RAINBOWF
531716,TRICOMFRU
531717,VIDHIING
531719,BHAGCHEM
531726,PANCHSHEEL
531727,MENNPIS
531737,GREENCREST
531739,GENNEX
531744,GINISILK
531746,PRAENG
531752,BIOGEN
531758,GKCONS
531761,APOLLOPIPES
531762,UNJHAFOR
531768,POLYMED
531778,KACHCHH
531779,PADALPO
531780,KACL
531784,KCLINFRA
531795,ATULAUTO
531802,PRERINFRA
531810,METALCO
531812,SGNTE
531813,GANGAPA
531814,TIRSARJ
531821,MUNOTHFI
531822,RODIUM
531832,NAGTECH
531842,LAHOTIOV
531845,ZENITHSTL
531847,ASTAR
531859,ORIRAIL
531861,JOINDRE
531862,BHARATAGRI
531867,UNITINT
531869,SACHEMT
531878,ANJANIFIN
531881,GMETCOAL
531888,REXNORD
531889,INTECH
531892,KHANDSE
531893,SAWABUSI
531900,CCLINTER
531902,GALLOPENT
531909,CROISSANCE
531910,MADHUVEER
531911,GALAGEX
531913,GOPAIST
531918,HINDAPL
531921,AGARIND
531923,DHAMPURE
531925,SHAQUAK
531929,INNOCORP
531930,SARTHAKIND
531931,SAICAPI
531950,VERTEX
531952,RIBATEX
531959,NEWINFRA
531960,KASHYAP
531962,SHREMETAL
531968,IITLPROJ
531977,CHLOGIST
531978,AMBIKCO
531979,HINDALUMI
531982,SPECFOOD
531991,AMRAAGRI
531994,AUTOPINS
531996,ODYCORP
532001,INDCTST
532005,SAMINDUS
532007,SHVFL
532011,POOJAENT
532015,GRAVITY
532019,LCCINFOTEC
532022,FILATFASH
532029,SINDHUTRAD
532035,UNISTRMU
532039,ZENOTECH
532041,HINDBIO
532051,SWELECTES
532053,WALLFORT
532054,KDDL
532056,ADIEXRE
532057,ABHICAP
532067,KILPEST
532070,SUMUKA
532090,VANDANA
532100,INDOCITY
532102,SBECSUG
532113,BRIJLEAS
532123,BSELINFRA
532124,RELIABVEN
532134,BANKBARODA
532140,MOHITE
532141,ACL
532143,SKMEGGPROD
532144,WELCORP
532145,HOTLSILV
532149,BANKINDIA
532150,INDRAMEDCO
532154,JOHNPHARMA
532155,GAIL
532156,VAIBHAVGBL
532159,TRESCON
532160,GUJSTATFIN
532162,JKPAPER
532163,SAREGAMA
532164,MINOLTAF
532172,ADROITINFO
532173,CYBERTECH
532174,ICICIBANK
532175,CYIENT
532178,ENGINERSIN
532180,DHANBANK
532181,GMDCLTD
532187,INDUSINDBK
532189,ITDC
532209,J&KBANK
532210,CUB
532212,ARCHIES
532215,AXISBANK
532216,HBSTOCK
532217,SIELFNS
532218,SOUTHBANK
532219,ENERGYDEV
532221,SONATSOFTW
532230,BENGALT
532234,NATIONALUM
532240,INDNIPPON
532256,NSIL
532259,APARINDS
532262,TCIIND
532268,ACCELYA
532271,ORCHASP
532281,HCLTECH
532284,TCFCFINQ
532285,GEOJITFSL
532286,JINDALSTEL
532290,BLBLIMITED
532296,GLENMARK
532300,WOCKPHARMA
532301,TATACOFFEE
532304,KJMCCORP
532305,INDSWFTLAB
532307,MELSTAR
532309,GEPIL
532310,SHREERAMA
532313,MAHLIFE
532315,TELESYS
532320,VAARAD
532321,ZYDUSLIFE
532323,SHIVACEM
532324,CINEVISTA
532326,INTENTECH
532329,DANLAW
532331,AJANTPHARM
532333,HBPOR
532334,HBESD
532335,AMBICAAGAR
532339,COMPUSOFT
532340,OMNIAX
532341,IZMO
532343,TVSMOTOR
532344,SOFTSOL
532345,GATI
532348,SUBEX
532349,TCI
532350,PADMALAYAT
532351,AKSHOPTFBR
532354,VIRGOGLOB
532355,PICTUREHS
532356,TRIVENI
532357,MUKTAARTS
532359,HITKITGLO
532362,NAGPI
532365,DSSL
532366,PNBGILTS
532368,BCG
532369,RAMCOIND
532370,RAMCOSYS
532371,TTML
532372,VIRINCHI
532373,WEPSOLN
532374,STLTECH
532375,TIPSINDLTD
532376,MRO-TEK
532379,FIRSTFIN
532380,BABA
532382,BALAJITELE
532384,TYCHE
532386,CALSOFT
532387,PNC
532388,IOB
532390,TAJGVK
532392,CREATIVEYE
532395,AXISCADES
532397,KONNDOR
532398,UMESLTD
532400,BSOFT
532402,USGTECH
532404,7TEC
532406,AVANTEL
532407,MOSCHIP
532408,MEGASOFT
532410,TRANSCOR
532411,VISESHINFO
532413,CEREBRAINT
532416,NEXTMEDIA
532419,SMARTLINK
532424,GODREJCP
532425,GENUSPRIME
532430,BFUTILITIE
532432,UNITDSPR
532435,SANINFRA
532439,OLECTRA
532440,MPSLTD
532443,CERA
532444,TSPIRITUAL
532454,BHARTIARTL
532455,SHALIWIR
532456,COMPUAGE
532457,GULPOLY
532459,FAZE3AUTO
532460,PONNIERODE
532461,PNB
532466,OFSS
532467,HAZOOR
532468,KAMAHOLD
532475,APTECHT
532477,UNIONBANK
532478,UBL
532479,ISMTLTD
532481,NOIDATOLL
532482,GRANULES
532483,CANBK
532485,BLIL
532486,POKARNA
532488,DIVISLAB
532493,ASTRAMICRO
532497,RADICO
532500,MARUTI
532503,RAJPALAYAM
532504,NAVINFLUOR
532505,UCOBANK
532507,BAGFILMS
532508,JSL
532509,SUPRAJIT
532513,TVSELECT
532514,IGL
532515,TVTODAY
532521,PALRED
532522,PETRONET
532523,BIOCON
532524,PTC
532525,MAHABANK
532527,RKFORGE
532528,DATAMATICS
532529,NDTV
532531,STAR
532532,JPASSOCIAT
532538,ULTRACEMCO
532539,UNOMINDA
532540,TCS
532541,COFORGE
532543,GULFPETRO
532548,CENTURYPLY
532553,WELENT
532555,NTPC
532604,SALSTEEL
532605,JBMA
532610,DWARKESH
532612,INDOCO
532613,VIPCLOTHNG
532614,IMPEXFERRO
532616,XCHANGING
532617,JETAIRWAYS
532621,MORARJEE
532624,JINDALPHOT
532626,POCL
532627,JPPOWER
532628,3IINFOTECH
532630,GOKEX
532633,ALLSEC
532636,IIFL
532637,MANGALAM
532638,SHOPERSTOP
532640,CYBERMEDIA
532641,NDL
532642,JSWHL
532644,JKCEMENT
532645,BEEYU
532648,YESBANK
532649,NECLIFE
532650,MSPL
532651,SPLIL
532652,KTKBANK
532654,MCLEODRUSS
532656,FACORALL
532659,IDFC
532661,RML
532662,HTMEDIA
532663,SASKEN
532666,FCSSOFT
532667,SUZLON
532668,AURIONPRO
532670,RENUKA
532673,KMSUGAR
532674,BASML
532676,PBAINFRA
532683,AIAENG
532684,EKC
532686,KERNEX
532687,REPRO
532689,PVRINOX
532694,ASMS
532695,CELEBRITY
532698,NITINSPIN
532699,ROHLTD
532700,ENIL
532701,CELLA
532702,GSPL
532705,JAGRAN
532707,DYNPRO
532708,GVKPIL
532710,SADBHAV
532713,SAKUMA
532714,KEC
532716,GILLANDERS
532717,INDOTECH
532719,BLKASHYAP
532720,M&MFIN
532721,VISASTEEL
532722,NITCO
532723,MPDL
532725,SOLARINDS
532726,GALLANTT
532728,MALUPAPER
532729,UTTAMSUGAR
532730,SGL
532732,KKCL
532733,SUNTV
532734,GPIL
532735,RSYSTEMINT
532737,EMKAY
532738,TANTIACONS
532740,LOKESHMACH
532741,KAMDHENU
532742,PAUSHAKLTD
532744,GTNTEX
532745,INDICAP
532748,PFOCUS
532749,ALLCARGO
532754,GMRINFRA
532755,TECHM
532756,MAHINDCIE
532757,VOLTAMP
532759,ATLANTA
532760,DEEPENR
532761,HOVS
532762,ACE
532764,GEECEE
532766,RICHAIND
532768,FIEMIND
532771,JHS
532772,DCBBANK
532773,GLOBALVECT
532774,INSPIRISYS
532775,GTLINFRA
532776,SHIVAMAUTO
532777,NAUKRI
532779,TORNTPOWER
532780,PARSVNATH
532782,SUTLEJTEX
532783,DAAWAT
532784,SOBHA
532785,RUCHIRA
532790,TANLA
532794,ZEEMEDIA
532795,SITINET
532796,LUMAXTECH
532797,AUTOIND
532798,NETWORK18
532799,HUBTOWN
532800,TV18BRDCST
532801,CTE
532804,TIIL
532805,REDINGTON
532806,AICHAMP
532807,CINELINE
532808,PGIL
532809,FSL
532810,PFC
532811,AHLUCONT
532812,TFL
532814,INDIANB
532815,SMSPHARMA
532817,ORIENTALTL
532820,ELAND
532822,IDEA
532826,RAJTV
532827,PAGEIND
532828,AMDIND
532829,LEHAR
532830,ASTRAL
532832,IBREALEST
532834,CAMLINFINE
532835,ICRA
532839,DISHTV
532841,SAHYADRI
532842,SRHHYPOLTD
532843,FORTIS
532845,TGBHOTELS
532847,HILTON
532848,DELTACORP
532850,MIC
532851,INSECTICID
532853,ASAHISONG
532855,HARYNACAP
532856,TIMETECHNO
532859,HGS
532864,NELCAST
532867,V2RETAIL
532868,DLF
532869,TARMAT
532872,SPARC
532875,ADSL
532878,ALPA
532879,SSLEL
532880,OMAXE
532884,REFEX
532885,CENTRALBK
532886,SELMCL
532888,ASIANTILES
532889,KPRMILL
532890,TAKE
532891,PURVA
532892,MOTILALOFS
532893,VTMLTD
532894,INDOWIND
532895,NAGREEKCAP
532896,MAGNUM
532898,POWERGRID
532899,KSCL
532900,PAISALO
532904,SUPREMEINF
532906,MAANALU
532907,IL&FSENGG
532911,PARLEIND
532915,RELIGARE
532916,BVCL
532918,RATHIBAR
532921,ADANIPORTS
532922,EDELWEISS
532923,RGL
532924,KOLTEPATIL
532925,KAUSHALYA
532926,JYOTHYLAB
532927,ECLERX
532928,TRIL
532929,BRIGADE
532930,BGRENERGY
532931,BURNPUR
532932,MANAKSIA
532933,PORWAL
532934,PPAP
532935,ARIES
532937,KUANTUM
532939,RPOWER
532940,JKIL
532941,CORDSCABLE
532942,KNRCON
532944,ONMOBILE
532945,SEPC
532946,BANG
532947,IRB
532951,GSS
532952,NAHARCAP
532953,VGUARD
532955,RECLTD
532957,GOKAKTEX
532960,DHANI
532966,TWL
532967,KIRIINDUS
532974,BIRLAMONEY
532976,JAIBALAJI
532977,BAJAJ-AUTO
532978,BAJAJFINSV
532980,GOKUL
532983,RPGLIFE
532985,KTKSENSEX
532986,NIRAJ
532987,RBL
532988,RANEENGINE
532989,BAFNAPHARM
532992,CHLLTD
532993,SEJAL
532994,ARCHIDPLY
532998,LEHIL
533001,SOMICONV
533007,LGBFORGE
533012,LPDC
533014,SICAGEN
533022,20MICRONS
533023,ZFCVINDIA
533029,ALKALI
533033,ISGEC
533047,IMFA
533048,GISOLUTION
533056,VEDAVAAG
533080,MOLDTKPAC
533088,MHRIL
533090,EXCEL
533093,RAJOIL
533095,BENGALASM
533096,ADANIPOWER
533098,NHPC
533101,SURYAAMBA
533104,GLOBUSSPR
533106,OIL
533107,RNAVAL
533108,BTTL
533110,SPSL
533121,EXPLEOSOL
533122,RTNPOWER
533137,DEN
533138,ASTEC
533146,DLINKINDIA
533148,JSWENERGY
533149,ESSARSEC
533150,GODREJPROP
533151,DBCORP
533152,MBLINFRA
533155,JUBLFOOD
533156,VASCONEQ
533158,THANGAMAYL
533160,DBREALTY
533161,EMMBI
533162,HATHWAY
533164,TEXMOPIPES
533166,SUNDARAM
533167,COROENGG
533168,ROSSELLIND
533169,MANINFRA
533170,TAMBOLI
533172,IVZINGOLD
533177,IL&FSTRANS
533179,PERSISTENT
533181,ISFT
533192,KCPSUGIND
533193,KECL
533202,SATCH
533203,TARAPUR
533206,SJVN
533208,EMAMIPAP
533210,KRITINUT
533212,GKB
533217,HMVL
533218,EMAMIREAL
533227,AHLEAST
533229,BAJAJCON
533230,HDFCMFGETF
533239,PRAKASHSTL
533244,ICICIGOLD
533248,GPPL
533252,WELINV
533259,SASTASUNDR
533260,CAREERP
533261,EROSMEDIA
533262,RAMKY
533263,GREENPOWER
533267,CANTABIL
533268,SEATV
533269,WABAG
533270,BEDMUTHA
533271,ASHOKA
533272,JWL
533273,OBEROIRLTY
533274,PRESTIGE
533275,GAL
533278,COALINDIA
533282,GRAVITA
533284,RPPINFRA
533285,RDBRIL
533286,MOIL
533287,ZEELEARN
533289,KTIL
533292,A2ZINFRA
533293,KIRLOSENG
533295,PSB
533296,FMNL
533298,SURANASOL
533302,KICL
533303,BFINVEST
533306,SUMMITSEC
533315,INOVSYNTH
533316,STEL
533317,OMKARCHEM
533320,JUBLINDS
533326,TEXRAIL
533329,INDTERRAIN
533333,FCL
533336,DHUNINV
533339,ZENTEC
533343,LOVABLE
533344,PFS
533385,MON100
533398,MUTHOOTFIN
533400,FCONSUMER
533407,CNOVAPETRO
533408,BSLGOLDETF
533427,VMS
533451,KARMAENG
533452,DELPHIFX
533470,RUSHIL
533477,ENKEIWHEL
533482,KRIINFRA
533506,INVENTURE
533519,L&TFH
533520,YAARI
533540,TREEHOUSE
533543,BROOKS
533552,RUPA
533553,TDPOWERSYS
533570,AXISGOLD
533573,APLLTD
533576,VASWANI
533581,PGEL
533602,LESHAIND
533608,RDBRL
533629,TIJARIA
533632,ONELIFECAP
533638,FLEXITUFF
533644,UJAAS
533655,TRITURBINE
533676,INDOTHAI
533704,ESSARSHPNG
533719,IDBIGOLD
533758,APLAPOLLO
533761,GPTINFRA
533896,FERVENTSYN
533941,THOMASCOTT
533982,TERASOFT
534060,PMCFIN
534063,FUTSOL
534064,AIML
534076,RHIM
534091,MCX
534139,SCHNEIDER
534309,NBCC
534312,MTEDUCARE
534328,HEXATRADEX
534338,MAXHEIGHTS
534369,TBZ
534392,VSSL
534422,LOOKS
534425,SPECIALITY
534532,LYPSAGEMS
534597,RTNINDIA
534598,SEPOWER
534600,JTLIND
534612,AMTL
534615,NECCLTD
534618,WAAREERTL
534623,JUPITERIN
534639,VINAYAKPOL
534659,JOINTECAED
534674,DUCON
534675,PROZONINTU
534680,SRGHFL
534691,COMCL
534708,SHANTIGURU
534732,CASPIAN
534733,SUPREMEX
534741,VIRTUALG
534742,ZUARI
534748,STEELXIND
534755,TRIOMERC
534758,CIGNITI
534796,CDG
534804,CARERATING
534809,PCJEWELLER
534816,INDUSTOWER
534976,VMART
535136,NIBE
535204,MUKTA
535205,MYSTICELE
535267,COMFINCAP
535276,SBISENSEX
535322,REPCOHOME
535387,LAKHOTIA
535431,GCMSECU
535458,NIBL
535566,KIFS
535601,SREEL
535602,SHARDA
535620,BINNYMILLS
535621,SVGLOBAL
535648,JUSTDIAL
535657,OONE
535667,IFINSEC
535693,BRAHMINFRA
535719,QUEST
535730,KHOOBSURAT
535754,ORIENTCEM
535755,ABFRL
535789,IBULHSGFIN
535910,MMLF
535958,ESSENTIA
536264,TIGERLOGS
536493,JK AGRI
536507,FLFL
536565,TRIMURTHI
536659,PVVINFRA
536672,VCU
536709,INDRENEW
536773,JPOLYINVST
536868,INTELSOFT
536960,MOM100
536974,CPL
537007,ICICINIFTY
537008,ICICINF100
537069,ARNOLD
537253,SUNLOC
537254,RCIIND
537259,SUYOG
537291,NATHBIOGEN
537292,AGRITECH
537326,CHEMTECH
537392,TAAZAINT
537483,NIF100BEES
537524,VIAANINDUS
537536,DENISCHEM
537573,POLYMAC
537582,UNISHIRE
537707,ETT
537708,KOTAKNIFTY
537709,HANSUGAR
537750,KIRANVYPAR
537766,BCP
537785,RACE
537800,MANGIND
537820,VFL
537839,PHOENIXTN
537840,RAUNAQEPC
537985,INFRONICS
538057,CPSEETF
538081,HARIAAPL
538092,VASUPRADA
538119,RNBDENIMS
538180,GOLDLINE
538212,SHARPINV
538268,WONDERLA
538319,GCMCAPI
538351,AFEL
538365,INCREDIBLE
538395,NAM
538401,METSL
538402,SPS
538446,MONEYBOXX
538452,QUASAR
538464,TPROJECT
538476,CTL
538496,TARINI
538521,YAANENT
538540,RLFL
538542,GOLDCOINHF
538546,BRPL
538562,SKIPPER
538564,JAMESWARREN
538565,VISTARAMAR
538567,GULFOILLUB
538569,TRIVENIENT
538579,TRIVIKRAMA
538596,QUANTBUILD
538597,TTIENT
538598,VISHAL
538607,TOYAMSL
538609,GAJANANSEC
538610,UNISON
538611,RTFL
538634,VRL
538635,SNOWMAN
538646,QGO
538666,SHARDACROP
538668,NAYSAA
538674,CITYONLINE
538683,SENSEXBEES
538685,SHEMAROO
538706,ULTRACAB
538707,RCCL
538708,ETIL
538713,ATISHAY
538714,SUCHITRA
538715,DHABRIYA
538730,PDSL
538732,VGCL
538733,STARLIT
538734,CEINSYSTECH
538765,JSHL
538770,CRANEINFRA
538772,NIYOGIN
538778,AKASHDEEP
538786,CIL
538787,GBFL
538788,GILADAFINS
538794,JETINFRA
538795,SAPPL
538812,AANCHALISP
538817,CAPPIPES
538833,ANUBHAV
538834,JMJFIN
538835,INTELLECT
538836,MONTECARLO
538837,JSTL
538838,ICL
538860,PANAFIC
538868,CSL
538874,NEXUSSURGL
538875,SELLWIN
538881,GALADAFIN
538882,EMERALD
538890,MKEXIM
538891,MCLOUD
538894,OCTAL
538895,MIHIKA
538896,KANCHI
538902,DHUNTEAIND
538918,VANICOM
538920,VINCOFE
538922,COSYN
538923,SOFCOM
538926,NAPL
538928,KARNAVATI
538942,MERCANTILE
538943,SONAL
538961,GENUSPAPER
538962,MINDACORP
538964,MERCURYLAB
538965,CONCORD
538970,WARDINMOBI
538975,SHREESEC
538979,GRNLAMIND
538987,TALBROSENG
539006,PTCIL
539011,CHENFERRO
539012,MEGRISOFT
539013,GITARENEW
539015,ORTEL
539016,NEIL
539017,STARHFL
539018,BEEKAY
539026,SSPNFIN
539031,SETFBSE100
539032,FRASER
539040,TTIL
539041,SVPHOUSING
539042,AGIIL
539044,MANAKSTELTD
539045,MNKALCOLTD
539046,MNKCMILTD
539056,IMAGICAA
539083,INOXWIND
539097,URSUGAR
539099,ATHCON
539111,SHESHAINDS
539112,SAB
539113,PML
539115,ALAN SCOTT
539117,SUJALA
539118,VRLLOG
539121,PALCO
539122,BODHTREE
539123,VBIND
539124,SARVOTTAM
539126,MEP
539132,WARDWIZFBL
539141,UFO
539143,PANTH
539148,SHIVALIK
539149,ICSL
539150,PNCINFRA
539151,ARFIN
539176,HAWAENG
539177,AIIL
539190,DFL
539195,POEL
539196,AEL
539199,SGFIN
539201,SATIA
539216,GARMNTMNTR
539217,SRESTHA
539219,MUL
539220,MISHKA
539221,SPORTKING
539222,GROWINGTON
539226,RUDRA
539227,LOYAL
539228,GGPL
539251,BALKRISHNA
539252,SCFL
539254,ADANITRANS
539255,STARDELTA
539267,SAMSRITA
539268,SYNGENE
539273,PECOS
539275,MSL
539276,KAYA
539277,ALSTONE
539278,SYMBIOX
539287,ORTINLAABS
539288,AVI
539289,AURUM
539290,OSWALGREEN
539291,VASUDHAGAM
539300,AKSPINTEX
539301,ARVSMART
539302,POWERMECH
539304,CANOPYFIN
539309,RAMASTEEL
539310,THINKINK
539312,UTISENSETF
539313,UTINIFTETF
539314,UNIAUTO
539331,VETO
539332,NAVKARCORP
539334,SHREEPUSHK
539336,GUJGAS
539337,WAAREE
539346,SADBHIN
539353,SALAUTO
539354,POLYSPIN
539359,PRITIKAUTO
539378,SML
539383,MINFY
539384,KRISHNACAP
539391,ACME
539398,VISHALBL
539399,BELLACASA
539400,MALLCOM
539402,VAL
539404,SATIN
539405,DITCO
539406,SWAGTAM
539407,GENCON
539409,NEERAJ
539410,MUZALI
539428,TEJNAKSH
539436,COFFEEDAY
539437,IDFCFIRSTB
539447,BEARDSELL
539448,INDIGO
539449,IGCIL
539450,SHK
539470,SHREEGANES
539479,GTV
539480,LICNETFN50
539487,LICNETFSEN
539492,GARBIFIN
539494,SMARTFIN
539506,ADCON
539515,QUINT
539516,HDFCNIFETF
539517,SXETF
539518,UDAYJEW
539519,MAYUKH
539522,GROVY
539523,ALKEM
539524,LALPATHLAB
539526,SCTL
539527,CREATIVE
539528,AAYUSH
539542,LUXIND
539544,ABHIINFRA
539545,APOORVA
539546,BNL
539551,NH
539559,DDIL
539561,REMLIFE
539562,AARNAV
539574,SCL
539584,SIPTL
539593,SHIVA
539594,MISHTANN
539596,DELTA
539598,CGFL
539607,BLUECLOUDS
539620,KEIL
539621,BCLENTERPR
539636,PRECAM
539658,TEAMLEASE
539659,VIDLI
539660,BESTAGRO
539661,ACEMEN
539662,BFLAFL
539673,RCL
539678,QUICKHEAL
539686,KPEL
539692,IFINSER
539725,GOKULAGRO
539730,FREDUN
539742,SIMBHALS
539761,VKAL
539767,MNIL
539773,ADVIKCA
539784,LICNFNHGP
539785,PDMJEPAPER
539787,HCG
539798,UMIYA
539799,BHARATWIRE
539800,CHDCHEM
539807,INFIBEAM
539814,LELAVOIR
539834,BALGOPAL
539835,SUPERIOR
539837,RPEL
539841,LANCER
539843,NINSYS
539854,HALDER
539871,THYROCARE
539872,BAJAJHCARE
539874,UJJIVAN
539875,RSDFIN
539876,CROMPTON
539883,PILANIINVS
539884,DARSHANORNA
539889,PARAGMILK
539894,MADHAVIPL
539910,KOCL
539917,NAGARFERT
539921,SEIL
539927,LIKHAMI
539938,MIL
539939,YASHCHEM
539940,MAXVIL
539945,ICICINV20
539947,JLL
539956,TAALENT
539957,MGL
539963,ZEAL
539978,QUESS
539979,DIGJAMLTD
539980,ICICIMCAP
539984,HUIL
539986,COMSYN
539991,CFEL
539992,LLOYDSTEEL
539997,KPL
540005,LTIM
540006,EASTWEST
540008,BSLSENETFG
540023,COLORCHIPS
540025,ADVENZYMES
540026,LAHL
540027,PTIL
540047,DBL
540048,SPAL
540061,BIGBLOC
540062,GOLDENCREST
540063,ECS
540065,RBLBANK
540073,BLS
540078,MITSU
540079,SPRAYKING
540083,TVVISION
540097,VISCO
540108,TIAANC
540115,LTTS
540124,GNA
540125,RADHIKAJWE
540133,ICICIPRULI
540134,IISL
540135,ARCFIN
540136,HPL
540143,SAGARSOFT
540144,DRA
540145,VALIANTORG
540146,ACML
540147,SHASHIJIT
540153,ENDURANCE
540154,IDFSENSEXE
540159,PURPLE
540173,PNBHOUSING
540174,SOUTHERNIN
540175,REGENCY
540180,VBL
540181,SALEM
540190,FRANKLININD
540192,LKPSEC
540198,OSIAJEE
540203,SFL
540204,EIKO
540205,AVL
540210,HEADSUP
540212,TCIEXP
540222,LAURUSLABS
540243,NEWLIGHT
540252,VSL
540259,SHANGAR
540266,GLCL
540268,TRU
540293,PRICOLLTD
540311,JITFINFRA
540358,RMC
540359,PARMAX
540360,LLFICL
540361,DANUBE
540366,RADIOCITY
540376,DMART
540377,IFL
540386,ONTIC
540393,SMLT
540395,CHEMCRUX
540396,MANOMAY
540401,MAXIMUS
540403,CLEDUCATE
540425,SHANKARA
540492,STARLENT
540497,SCHAND
540515,KANUNGO
540519,MEERA
540526,IRBINVIT
540530,HUDCO
540544,PSPPROJECT
540545,BGJL
540550,YUG
540565,INDIGRID
540570,VARIMAN
540575,STARCEMENT
540590,RIDDHICORP
540595,TEJASNET
540596,ERIS
540597,CONTAINER
540602,GTPL
540611,AUBANK
540612,ICICILOVOL
540614,GGENG
540615,7NR
540642,SALASAR
540647,GANGESSEC
540648,PALASHSEC
540649,AVADHSUGAR
540650,MAGADHSUGAR
540651,JIGAR
540652,CTCL
540654,GSTL
540669,UTINEXT50
540673,SIS
540678,COCHINSHIP
540679,SMSLIFE
540680,KIOCL
540686,SMRUTHIORG
540691,ABCAPITAL
540692,APEX
540693,SHISHIND
540694,ANG
540696,KCDGROUP
540699,DIXON
540700,BRNL
540701,DCAL
540702,LASA
540703,PROCLB
540704,MATRIMONY
540709,RELHOME
540710,CAPACITE
540715,SAGAR
540716,ICICIGI
540717,PQIF
540719,SBILIFE
540724,DIAMONDYD
540725,SHAREINDIA
540726,TTFL
540727,POOJA
540728,SAYAJIIND
540730,MEHAI
540735,IRIS
540737,SGRL
540738,STL
540743,GODREJAGRO
540749,MASFIN
540750,IEX
540755,GICRE
540756,KAARYAFSL
540757,SCPL
540762,TIINDIA
540767,NAM-INDIA
540768,MAHLOG
540769,NIACL
540774,IFGLEXPOR
540775,KHADIM
540776,5PAISA
540777,HDFCLIFE
540782,SBRANDS
540786,SHARIKA
540787,ICICIB22
540788,ASPIRA
540789,DNAMEDIA
540795,DYNAMIC
540796,RATNABHUMI
540797,SHALBY
540809,MRCAGRO
540821,SADHNA
540823,VITESSE
540824,ASTRON
540874,7SEASL
540879,APOLLO
540900,NEWGEN
540901,PRAXIS
540902,AMBER
540914,SRUSTEELS
540923,AML
540935,GALAXYSURF
540936,GGL
540937,MEDICO
540952,LAL
540953,KENVI
540954,IWP
540955,TDSL
540956,BHATIA
540961,SHIVAMILLS
540975,ASTERDM
540980,YSL
541005,KANCOTEA
541019,HGINFRA
541083,INFLAME
541096,BPLPHARMA
541097,LIQUIDETF
541143,BDL
541144,ACTIVE
541152,GOYALALUM
541153,BANDHANBNK
541154,HAL
541161,KBCGLOBAL
541163,SANDHAR
541167,YASHO
541178,BENARA
541179,ISEC
541195,MIDHANI
541206,OBCL
541228,TRL
541233,LEMONTREE
541269,CHEMFABALKA
541276,HARDWYN
541301,ORIENTELEC
541302,DHRUV
541303,AKSHAR
541313,ICICI500
541336,INDOSTAR
541337,MILEFUR
541338,UHZAVERI
541347,PARVATI
541352,MEGASTAR
541353,INNOVATORS
541400,ZIMLAB
541402,AFFORDABLE
541403,DOLLAR
541418,NGIL
541444,PALMJEWELS
541445,WAA
541450,ADANIGREEN
541540,SOLARA
541546,GAYAHWS
541556,RITES
541557,FINEORG
541578,VARROC
541601,RAJNISH
541634,RAWEDGE
541700,TCNSBRANDS
541702,ASHNI
541729,HDFCAMC
541735,VIVANTA
541741,TINNATFL
541770,CREDITACC
541771,AMINTAN
541778,DEEP
541809,ICICINXT50
541865,ASRL
541890,SPACEINCUBA
541929,SGIL
541946,ICICILIQ
541956,IRCON
541967,SKYGOLD
541972,SETFSN50
541974,MANORAMA
541983,INNOVATIVE
541988,AAVAS
542011,GRSE
542012,AAL
542013,DOLFIN
542019,SHUBHAM
542020,AKI
542025,SUNRETAIL
542034,SMGOLD
542046,VIVIDM
542057,BCPL
542066,ATGL
542123,PHOSPHATE
542131,MAN50ETF
542141,TECHNOE
542145,RONI
542216,DALBHARAT
542230,ABSLNN50ET
542231,NILASPACES
542232,SRD
542233,TREJHARA
542285,AXITA
542323,KPIGREEN
542333,RPSGVENT
542337,SPENCER
542351,GLOSTERLTD
542367,XELPMOC
542383,RITCO
542399,CHALET
542437,ANMOL
542459,KRANTI
542460,ANUP
542484,ARVINDFASN
542513,UTISXN50
542579,AGOL
542592,HBEL
542597,MSTC
542602,EMBASSY
542627,CHANDNIMACH
542628,NSL
542649,RVNL
542650,METROPOLIS
542651,KPITTECH
542652,POLYCAB
542654,VRFILMS
542655,VIKASLIFE
542665,NEOGEN
542666,GKP
542667,WORL
542668,EVANS
542669,BMW
542670,AEPL
542677,MAHESH
542678,CHCL
542679,DEL
542682,HARISH
542684,PPL
542685,DGCONTENT
542694,PARSHVA
542721,ARL
542724,EARUM
542725,SBC
542726,INDIAMART
542727,CPML
542729,DCMNVL
542730,ICICIBANKN
542747,SNXT50BEES
542752,AFFLE
542753,SEACOAST
542758,ICICIBANKP
542759,SPANDANA
542760,SWSOLAR
542765,TRANSPACT
542770,ALPHALOGIC
542772,360ONE
542773,IIFLSEC
542774,MUFIN
542802,GALACTICO
542803,VEL
542804,NIESSPJ
542810,NIESSPA
542812,FLUOROCHEM
542830,IRCTC
542837,NIESSPE
542839,NIEHSPD
542843,NIEHSPG
542844,NIEHSPH
542846,NIEHSPL
542847,NIESSPL
542848,NIESSPM
542851,GENSOL
542852,VISHWARAJ
542857,GREENPANEL
542862,SHAHLON
542863,ABSLBANETF
542865,ANUROOP
542867,CSBBANK
542904,UJJIVANSFB
542905,HINDWAREAP
542907,PRINCEPIPE
542909,EBBETF0430
542918,GIANLIFE
542919,ARTEMISMED
542920,SUMICHEM
542921,ICICIM150
542922,MANXT50ETF
542924,JANUSCORP
542932,BIRLATYRES
542933,UNIVPHOTO
542934,CBPL
542935,ICLORGANIC
542938,OCTAVIUSPL
543064,SUVENPHAR
543066,SBICARD
543071,07AGG
543079,07GPG
543092,09GPG
543144,08MPD
543150,08GPG
543161,10AGG
543165,10ARD
543167,10GPG
543172,COSPOWER
543174,11GPG
543175,11MPD
543176,11MPR
543177,11QPD
543181,11AGG
543182,11AMD
543186,11DPD
543187,POWERINDIA
543193,DJML
543207,NATURAL
543208,REGIS
543210,AARTISURF
543211,BONLON
543212,BOROLTD
543213,ROSSARI
543214,NDRAUTO
543215,EBBETF0425
543216,EBBETF0431
543217,MINDSPACE
543218,SBGLP
543219,ICICIALPLV
543220,MAXHEALTH
543221,ICICITECH
543223,MAXINDIA
543224,HBANKETF
543226,UTIBANKETF
543227,HAPPSTMNDS
543228,ROUTE
543229,SAMRATFORG
543230,ADVAIT
543231,ADL
543232,CAMS
543233,CHEMCON
543234,SECMARK
543235,ANGELONE
543236,ATAM
543237,MAZDOCK
543238,UTIAMC
543239,GMPL
543240,LIKHITHA
543241,VGIL
543242,HEMIPROP
543243,EQUITASBNK
543245,GLAND
543248,RBA
543249,TARC
543250,MOGSEC
543251,RVHL
543252,FAIRCHEMOR
543253,BECTORFOOD
543254,AWHCL
543255,INFRABEES
543256,RFLL
543257,IRFC
543258,INDIGOPNTS
543259,HOMEFIRST
543260,STOVEKRAFT
543261,BIRET
543263,SMCGLOBAL
543264,NURECA
543265,RAILTEL
543266,HERANBA
543267,DAVANGERE
543268,DRCSYSTEMS
543269,ADJIA
543270,MTARTECH
543271,JUBLINGREA
543272,EASEMYTRIP
543273,KMEW
543274,SUUMAYA
543275,ANURAS
543276,CRAFTSMAN
543277,LXCHEM
543278,KALYANKJIL
543279,SURYODAY
543280,NAZARA
543281,SUVIDHAA
543282,NIKSTECH
543283,BARBEQUE
543284,EKI
543287,LODHA
543288,DEEPIND
543290,PGINVIT
543291,MAFANG
543292,ICICIPHARM
543297,IWEL
543298,VINEETLAB
543299,SHYAMMETL
543300,SONACOMS
543305,NAVODAYENT
543306,DODLA
543308,KIMS
543309,ADESHWAR
543311,IPL
543312,FOCUS
543317,GRINFRA
543318,CLEAN
543319,AAPLUSTRAD
543320,ZOMATO
543321,TATVA
543322,GLS
543323,MAFSETF
543324,GCSL
543325,ROLEXRINGS
543326,ICICIFMCG
543327,EXXARO
543328,KRSNAA
543329,WINDLAS
543330,DEVYANI
543331,MOL
543332,MFL
543333,CARTRADE
543334,NUVOCO
543335,APTUS
543336,CHEMPLASTS
543341,SHARPLINE
543346,AASHKA
543347,AXISTECETF
543348,AXISHETF
543349,AMIORG
543350,VIJAYA
543352,POBS
543357,AXISCETF
543358,SANSERA
543363,PREVEST
543364,MARKOLINES
543365,MASPTOP50
543367,PARAS
543372,GETALONG
543373,SVRL
543374,ABSLAMC
543376,SAMOR
543378,CWD
543383,ICICICONSU
543384,NYKAA
543386,FINOPB
543387,SJS
543389,SIGACHI
543390,POLICYBZR
543396,PAYTM
543397,SAPPHIRE
543398,LATENTVIEW
543399,TARSONS
543400,OMNIPOTENT
543401,GOCOLORS
543410,DMR
543411,HITECH
543412,STARHEALTH
543413,TEGA
543414,MAHKTECH
543415,ANANDRATHI
543416,ZODIAC
543417,RATEGAIN
543418,BBETF0432
543419,SHRIRAMPPS
543420,JETFREIGHT
543425,MAPMYINDIA
543426,METROBRAND
543427,MEDPLUS
543428,DATAPATTNS
543433,HPAL
543434,SUPRIYA
543435,CLARA
543437,MONQ50
543438,DSPQ50ETF
543439,BRANDBUCKT
543440,DSPN50ETF
543441,CMSINFO
543442,BCONCEPTS
543443,ASCENSIVE
543449,WEL
543450,ICICIAUTO
543451,AGSTRA
543452,ICICISILVE
543453,ALKOSIGN
543454,MAMFGETF
543458,AWL
543460,QRIL
543461,SSTL
543462,DEVIT
543463,MANYAVAR
543464,SPITZE
543465,MOMOMENTUM
543470,SOFTTECH
543471,SILVER
543472,TECH
543473,HEALTHY
543474,BSLNIFTY
543475,EKENNIS
543480,ICICI5GSEC
543481,MAM150ETF
543482,EUREKAFORBE
543489,GATEWAY
543490,GMRP&UI
543497,BCCL
543498,MSUMI
543500,EVOQ
543501,MOLOWVOL
543512,AVROIND
543513,UMAEXPORTS
543514,VERANDA
543515,SEML
543516,DHYAANI
543517,HARIOMPIPE
543518,EIGHTY
543520,GLHRL
543521,FONE4
543523,CAMPUS
543524,RAINBOW
543525,SILVERTUC
543526,LICI
543527,PRUDENT
543528,VENUSPIPES
543529,DELHIVERY
543530,PARADEEP
543531,TIERRA
543532,ETHOSLTD
543533,EMUDHRA
543534,AETHER
543535,WEWIN
543539,MODIS
543540,PGCRL
543542,KESAR
543545,VEERKRUPA
543546,HEALTHYLIFE
543547,DDEVPLASTIK
543568,ICICIMOM30
543570,HDFCNEXT50
543571,ICICIINFRA
543572,DSPSILVETF
543573,SYRMA
543574,NIFTYQLITY
543575,MOMENTUM
543576,MOVALUE
543590,RHETAN
543591,DREAMFOLKS
543592,HDFCSILVER
543593,DBOL
543594,DPL
543595,EPBIO
543596,TMB
543597,VOEPL
543599,KSOLVES
543600,HARSHA
543605,HDFCQUAL
543606,CONTAINE
543607,HDFCGROWTH
543608,HDFCVALUE
543613,MAFIA
543614,TIPSFILMS
543615,SRSOLTD
543616,TLL
543617,REETECH
543618,CARGOTRANS
543619,CNCRD
543620,INA
543621,CARGOSOL
543622,STML
543623,VEDANTASSET
543624,MAAGHADV
543625,SECURCRED
543626,EMIL
543628,HDFCMOMENT
543635,PPLPHARMA
543636,DCI
543637,PACE
543638,TRACXN
543643,NARMADA
543644,INFOBEAN
543645,HPIL
543650,DCXINDIA
543651,DAPS
543652,FUSION
543653,BIKAJI
543654,MEDANTA
543656,TECHNOPACK
543657,ACI
543663,FIVESTAR
543664,KAYNES
543665,HDFCNIFIT
543667,INOXGREEN
543668,BBTCL
543669,RUSTOMJEE
543670,VINNY
543671,AAATECH
543677,ICICIFIN
543678,AMBOAGRI
543686,SIRCA
543687,DHARMAJ
543688,SARVESHWAR
543689,UNIPARTS
543699,EBBETF0433
543700,ICICI10GS
543709,GARGI
543710,ICICICOMMO
543711,SULA
543712,AHL
543713,DRONACHRYA
543714,LANDMARK
543715,IEL
543720,KFINTECH
543725,ELIN
543732,RADIANTCMS
543737,AVEER
543738,DSPBANKETF
543743,SAH
543744,REXSEAL
543745,SVS
543746,ELIL
543747,KAMOPAINTS
543748,AARTIPHARM
543754,TRANSVOY
543765,EARTH
543766,ASHIKA
543767,BTML
543768,NSLNISP
543769,INDONG
543774,HDFCBSE500
543775,HDFCSML250
543781,MAGOLDETF
543782,SEALMATIC
543787,ROBU
543798,PATRON
543799,SVJ
543805,RESGEN
543806,ITCONS
543811,AIRAN
543812,DIVGIITTS
543819,PSUBANKICI
543828,SUDARSHAN
543829,GSLSU
543830,LABELKRAFT
543831,BRIGHT
543843,COMMAND
543848,DEVLAB
543853,AXISPEGP
543860,JAFINANCE
543861,USK
543874,MAIDEN
543875,MAGS813ETF
543895,EXHICON
543896,AVALON
543897,SANCODE
543898,BLAL
543900,SILVERETF
543901,RHL
543902,RETINA
543903,DSPGOLDETF
543904,MANKIND
543905,INNOKAIZ
543910,AVG
543911,ATALREAL
543912,PIGL
543913,NXST
555555,ICICISENSX
570001,TATAMTRDVR
570004,JISLDVREQS
570005,SCAPDVR
590003,KARURVYSYA
590005,TIDEWATER
590006,AMRUTANJAN
590013,XPROINDIA
590018,HISARMET
590021,BHARATRAS
590024,FACT
590025,GINNIFILA
590030,SPIC
590031,DENORA
590051,SAKSOFT
590056,SALONACOT
590062,ANDHRSUGAR
590065,IMPAL
590066,KCP
590068,KHAITANLTD
590070,RADAAN
590071,SUNDARMFIN
590072,SUNDRMBRAK
590073,WHEELS
590075,LAMBODHARA
590078,MAITHANALL
590082,LOHIASEC
590086,ORISSAMINE
590095,GOLDBEES
590096,LIQUIDBEES
590097,KOTAKGOLD
590098,SBIGETS
590099,QGOLDHALF
590101,GOLDSHARE
590103,NIFTYBEES
590104,JUNIORBEES
590106,BANKBEES
590107,KOTAKPSUBK
590108,PSUBNKBEES
590109,SHARIABEES
590110,QNIFTY
590113,HNGSNGBEES
590115,MOM50
590126,GRADIENTE
590134,MADRASFERT
590136,KOTAKBKETF
590137,SETFNIFBK
590138,SETFNIF50
717504,MBLNCRPS
890157,AIRTELPP
890168,AURUMPP
890174,COASTPP
890179,ADCONPP
890180,AARTIPP
890184,SPARCPP
935383,849NTPC25
935506,736PFC25
935514,760PFC35
935540,714REC25
935548,743REC35
935584,76NHAI31
935616,753IREDA26
935640,727HUDCO26
935642,764HUDCO31
935666,769NHAI31
935674,769HUDCO31
935682,764IRFC31
935690,764NABARD31
935752,9MMFSL26
936040,785MMFSL24
936224,975JMFCSL28
936226,934JMFCS28
936240,0SFL23
936248,0EFL23
936250,965EFL23
936252,943EFL28
936278,884ICCL28
936282,92ICCL28
936290,890TCFSL23
936324,912SFL23
936380,101JMFCSL23
936382,967JMFCSL23
936392,995EFL24
936396,EFL4JAN19A
936398,1015EFL29
936408,915MMFSL24
936416,95MMFSL29
936430,105SEFL24
936458,95SFL24
936492,0MFL26
936544,10MFL24
936668,1025SEFL24A
936716,995EFL24A
936718,104EFL24
936722,995EFL29
936724,104EFL29
936730,975MFL24AA
936736,10MFL24A
936772,0KFL23AA
936930,975MFL24B
936969,995ECL24
936971,104ECL24
936973,0ECL24
937023,975MFL24BB
937045,801TCH25
937053,81TCHF28
937085,98NWFL25
937089,0NWFL25
937091,98NWFL30
937093,1025NWFL30
937251,965MFL23
937295,915MFL25
937311,MFLOII25
937313,MFLOIII24
937335,935EFSL24
937339,939EFSL26
937351,MFLII26
937381,697PFCL36
937385,715PFCL36
937455,96IFL28
937467,MFLV26E
937495,916EFSL26
937497,955EFSL26
937513,0MMFL25B
937533,769IGT28
937537,82IGT31
937541,797IGT31
937543,825MFCL23A
937553,0MFCL23VI
937559,0MFCL28IX
937561,BILNCD2021
937605,1075KLM23
937609,11KLM24
937625,875EFSL24
937627,91EFSL24
937629,EFSL10SEP21
937633,955EFSL26A
937639,97EFSL31
937651,10MMFL27
937705,JMFPL25
937721,842IIFL26
937769,825MFL24
937787,1003UCL24
937793,875EFSL24A
937799,915EFSL26A
937805,93EFSL31A
937881,8MFL24
937903,925IFSL24
937989,850EHFL24
937993,870EHFL25
937995,905EHFL25
938001,955EHFL27
938005,930EHFL32
938025,1040UCL25
938027,MFLVII25G
938049,MMFL23522
938089,IML280622B
938099,88NWIL25
938119,KFL110822
938123,95KFL26
938131,8MFL24A
938149,1050UCL25
938166,93IHFL25
938202,885EFSL24
938210,EFSL201022A
938212,935EFSL27
938218,965EFSL32
938220,1010EFSL32
938222,79NHIT35
938224,79NHIT40
938226,79NHIT47
938260,MFLTDIII24
938268,MFLTDVII27
938282,735MFL25
938286,725MFL24
938314,IHFL281222A
938328,11CCIL26
938330,115CCIL28
938348,95KFL27
938354,9EFSL25
938356,ZCEFSL25
938360,960EFSL26
938364,967EFSL28
938370,10EFSL33
938382,865IIFL28
938388,945IFSL25
938430,MFL020223
938434,775MFL26
938438,775MFL25
938442,81MFL28
938464,1075KLMAF28
938514,895EFSL25
938516,EFSL270423
938518,920EFSL2026
938520,960EFSL2026
938524,967EFSL2028
938526,101EFSL28
938530,10EFSL2033
938556,8MFL2026
938564,84MFL25
938570,9MFL30A
938574,MFL020523
938588,840CIFCL28
957807,1015UPPCL25
957808,1015UPPCL26
957810,1015UPPCL28
958178,1032APCRD26
961713,PFCBS3
961728,830NHAI27
961734,HUDCO050327
961744,812REC27
961765,751HUDCO28
961782,851HUDCO28
961784,839HUDCO23
961785,876HUDCO28
961796,863IIFCL28
961800,854PFC28
961803,879PFC28
961804,892PFC33
961810,891NTPC33
961814,876HUDCO24
961816,901HUDCO34
961837,841IREDA24
961839,880IREDA29
961873,844REC24
961885,888IRFC29
961895,880IIFCL29
961906,736NTPC25D
961912,HDFCW3
972655,IFCI010811B
972719,IFCI310312A
972721,IFCI310312C
973232,91TMFLPERP
973491,675PCHFL31
973876,970UPC29
973883,970UPCL32
974072,8HDFCL32
974288,995UPPCL32
974451,962APSB31
974561,11MML26
974634,0EEL27
974635,0EEL26
800340,SGBMAY29
810828,719TAMSDL42
800325,SGBAUG28
800333,SGBFEB29
800342,SGBJUN29A
800442,738GOI2027
800438,SGBJAN30
800443,SGBJUNE30
800339,SGBMAR29
800314,SGBFEB28
800318,SGBAPR28
800574,741GOI36
800297,SGBAUG27
800254,SGBAUG24
800329,SGBNOV28
810578,823GUJ2028
800488,SGBAUG30
800268,SGBMAY25
800251,SGB20151
800299,772GOI2049
800331,SGBJAN29
800341,SGBJUNE29
800575,SGBMAR31
800332,SGBJAN29A
800573,SGBDEC30
800441,754GOI2036
800437,SGBDEC29
800434,SGBNOV29
800324,SGBJULY28
800313,SGBJAN28
800273,SGBOCT25B
800439,SGBMARCH30
800258,SGB2016IIA
800452,736GOI2052
800327,SGBSEP28
800328,SGBOCT28
800312,SGBDEC27
